name,age,address
Lisette,29,Warsaw
Jolyn,28,Baltimore
Shirlee,29,Vilnius
Leontine,30,Belmopan
Jerry,27,Philadelphia
Ruthe,25,Dongguan
Michaelina,26,Ushuaia
Misha,26,Okinawa
Wileen,30,Prague
Nananne,26,Stanley
Livvyy,30,Washington
Agathe,27,Vitória
Krystle,29,Jamestown
Stephanie,28,Petropavlovsk-Kamchatsky
Sandie,29,Iquitos
Carlie,30,Taiyuan
Kassey,27,Ndola
Harrietta,27,Xining
Raf,25,Bandung
Oona,28,Santiago de Cuba
Amalie,25,Stepanakert
Danika,25,Sri Jayawardenapura-Kotte
Aeriela,30,Davao City
Yvonne,27,Cayenne
Alleen,25,Kanpur
Dianemarie,26,Ashgabat
Teriann,29,Nanning
Kirbee,29,Konya
Flory,25,Vientiane
Beverley,26,Dededo
Korrie,25,Mogadishu
Dari,29,Brisbane
Gilligan,29,Hanga Roa
Nadine,30,Ulan Bator
Barbi,30,Christchurch
Deirdre,26,Charlotte
Ulrike,30,Harbin
Melodie,26,Hamburg
Anestassia,30,Saipan
Sidoney,25,Hilo
Myrtice,29,San Carlos de Bariloche
Pollyanna,29,Harare
Caryl,25,Dushanbe
Katharina,27,Belfast
Sallie,28,Zamboanga City
Gabi,28,Srinagar
Allyce,27,Porto Alegre
Iseabal,26,Málaga
Judy,29,Nanjing
Daune,28,Sofia
Melodie,30,Port Said
Hollie,30,Kathmandu
Charissa,29,Montevideo
Sidoney,30,Houston
Phylis,26,Surabaya
Thalia,29,Honolulu
Desirae,27,Banda Aceh
Latisha,28,Hamilton
Tatiania,27,Ürümqi
Annabela,30,Ilhéus
Flo,27,Cebu City
Angela,30,Manaus
Leanna,29,Campo Grande
Rayna,28,Fort-de-France
Clementine,25,Minneapolis
Sarette,26,Perth
Pearline,26,Chuí
Blake,29,Managua
Maryellen,27,La Paz
Vita,29,Maputo
Chandra,26,Cairns
Selma,29,Houston
Jacenta,25,Mata-Utu
Wynne,26,Hat Yai
Blondelle,25,Brisbane
Penelopa,30,Bishkek
Augustine,29,Tashkent
Donnie,28,Durango
Ada,27,Pelotas
Brooks,28,Tabriz
Jasmina,28,São Paulo
Ardeen,25,Guayaquil
Kimberley,25,Muscat
Brianna,30,Seoul
Hayley,30,Ashgabat
Addia,28,Lubumbashi
Chandra,30,Belize City
Giustina,28,Austin
Emmey,29,Jersey City
Camile,28,Hanoi
Fina,30,Salzburg
Silvana,28,Saskatoon
Moyna,30,Nassau
Vonny,26,Mexicali
Jobi,25,Hamilton
Zondra,26,Geneva
Shauna,29,Gibraltar
Sonni,30,Tehran
Magdalena,25,Yerevan
Fernande,29,Blantyre
Kara-Lynn,28,Lyon
Tiffie,26,Shillong
Jennica,28,Chittagong
Sonni,29,Yellowknife
Adele,25,Nagpur
Daphne,30,Kandahar
Carmencita,26,Adana
Aeriela,28,Washington
Merrie,29,Chiang Mai
Vanessa,29,Andorra la Vella
Nananne,25,Majuro
Lelah,27,Muscat
Florencia,29,Funafuti
Sharai,27,Ambon
Alleen,27,Tashkent
Sallie,28,Accra
Marline,30,Porto Alegre
Blondelle,25,Nouakchott
Libbie,28,Muscat
Kylynn,28,Douala
Brandise,30,Houston
Lynde,26,Iqaluit
Lusa,28,Shijiazhuang
Marita,29,Berlin
Lorenza,26,Surabaya
Ronna,29,St. Louis
Elbertina,30,Hat Yai
Dorothy,29,Dammam
Corly,27,Makassar
Kara-Lynn,25,Cotonou
Ada,30,Beijing
Dyann,28,Rabat
Tera,29,Tashkent
Ilse,30,Banjul
Olwen,29,Cebu City
Linzy,25,San Fernando
Elie,28,Seattle
Sophia,28,Maceió
Meg,29,Lanzhou
Morganica,25,Novosibirsk
Elvira,28,St. Louis
Bee,25,Chuí
Elie,29,Malabo
Hayley,26,Arequipa
Yolane,28,Pago Pago
Jacquetta,29,Cairns
Christal,25,Winnipeg
Valeda,25,Rome
Janis,25,Johannesburg
Carmencita,30,Multan
Cherrita,28,Iquitos
Dania,29,Abidjan
Maridel,28,Atlanta
Kathi,30,Nassau
Iseabal,30,Bishkek
Marguerite,25,Bangui
Sam,25,Abuja
Barbara,30,Monterrey
Juliane,29,Mashhad
Cassandra,29,Wichita
Gerianna,28,Charlotte Amalie
Devina,29,Mata-Utu
Lusa,28,Brasília
Gusella,30,Santiago de Cuba
Ketti,28,Calgary
Susan,29,Bridgetown
Cathyleen,30,Macau
Ernesta,29,São José dos Campos
Ann-Marie,27,Glasgow
Kathy,27,Tianjin
Dulce,30,Jayapura
Kirstin,28,Tripoli
Arabel,25,Maracaibo
Christy,30,Malmö
Marcy,26,Tabriz
Jennica,26,Saint Petersburg
Asia,30,Yaoundé
Codie,30,Kaohsiung
Amara,26,Okinawa
Anallese,29,Ponta Delgada
Laurene,25,Zürich
Tilly,30,Zanzibar City
Anallese,30,Nassau
Chickie,30,Phuket (city)
Lucy,28,Guangzhou
Marcy,28,Curitiba
Fidelia,25,Durban
Valera,26,Algiers
Alyda,29,Kanpur
Averyl,26,Siem Reap
Georgetta,26,Wonsan
Maridel,30,Naypyidaw
Wileen,30,Simferopol
Nerta,25,San Salvador
Dania,30,Djibouti (city)
Dione,29,Amman
Carolina,28,Ljubljana
Laurene,29,Manchester
Gerianna,29,Tallinn
Eugine,27,Hamilton
Perry,26,Bandar Seri Begawan
Aigneis,25,Niamey
Madelle,26,Saint-Pierre
Mady,26,Managua
Althea,25,Basra
Teriann,26,Lobamba
Constance,30,Birmingham
Lory,25,Seattle
Steffane,29,Saint John
Tilly,27,Bern
Mathilda,29,Buffalo
Winny,28,Kolkata
Anthia,27,Yokohama
Vevay,28,Ashgabat
Kimmy,26,Hiroshima
Elvira,25,Mexicali
Ursulina,28,Montevideo
Anallese,26,Maputo
Dorothy,25,Riverside
Lucy,30,Portland
Dorthy,29,Kawasaki
Heida,25,Tabriz
Jeanna,30,Regina
Kathy,29,Tijuana
Talya,26,Brisbane
Addia,29,Patna
Ardys,28,Munich
Maridel,28,Kolkata
Viki,26,Podgorica
Dulcinea,25,Guadalajara
Christal,27,Bilbao
Dawn,30,Cairns
Adele,30,Vientiane
Delilah,29,Wichita
Tamqrah,26,Porto
Lacie,25,Bogotá
Elie,29,Tamale
Liana,30,Pyongyang
Alejandra,28,Cusco
Olwen,29,Chengdu
Annecorinne,30,Nagpur
Jaclyn,26,Beijing
Ebonee,25,Phoenix
Eve,30,Dededo
Marnia,30,Vatican City
Ottilie,30,Gdańsk
Carilyn,27,Daegu
Farrah,27,Almaty
Millie,28,Winnipeg
Chere,25,Punta Arenas
Lizzie,30,Barranquilla
Mara,30,Surat Thani
Kassey,26,Koror
June,27,Tijuana
Maryellen,27,Pago Pago
Michaelina,28,Chittagong
Tressa,25,Bucharest
Darci,28,Bangui
Beth,27,Cebu City
Delilah,26,Wellington
Nadine,27,Shenzhen
Gretal,30,Chongjin
Zsa Zsa,29,Newcastle
Beth,28,Johor Bahru
Elmira,30,Riga
Georgina,25,Banda Aceh
Cyndie,27,Fukuoka
Alyssa,27,Kolkata
Celestyna,25,Toronto
Berta,29,Malacca Town
Anthia,26,Iquitos
Johna,27,Malabo
Adore,26,Toronto
Livvyy,28,Blantyre
Leona,29,Dubai
Nita,29,Bilbao
Therine,28,Beirut
Elfreda,29,Ulan Bator
Dulce,29,Saint-Denis
Lynde,29,Riyadh
Regina,29,Juneau
Brianna,29,Amritsar
Nananne,30,Ambon
Corina,26,Medellín
Fina,26,Siem Reap
Kelly,27,Antofagasta
Leona,28,São Paulo
Lulita,30,New York City
Dulce,29,Pelotas
Bobbi,30,Sri Jayawardenapura-Kotte
Dawn,30,Harare
Tamqrah,28,Dresden
Vivia,29,Pago Pago
Gaylene,30,Chiang Mai
Carilyn,29,San Antonio
Farrah,26,Qingdao
Stephanie,28,Charlotte
Angela,25,Austin
Anallese,29,Philadelphia
Lynde,30,Port Hedland
Ernesta,30,Fukuoka
Louella,29,Leipzig
Odessa,28,Malacca Town
Darlleen,27,Astana
Regina,26,Sucre
Eugine,29,Puebla
Babita,29,Perth
Lonnie,28,Dushanbe
Talya,27,N'Djamena
Mady,28,Chennai
Jackie,28,Vilnius
Nadine,28,Petropavlovsk-Kamchatsky
Dania,29,Riga
Korrie,30,Tripoli
Sarette,27,Lyon
Grier,28,Managua
Kristina,26,Kobe
Theodora,29,Marseille
Daphne,30,Detroit
Brietta,26,Saint-Pierre
Silvana,30,Valletta
Fredericka,26,Koulikoro
Mureil,29,Ludhiana
Dede,28,Manama
Marcy,27,Tórshavn
Brooks,28,Dongguan
Adore,26,Muscat
Yvonne,26,Petropavlovsk-Kamchatsky
Latisha,28,Buenos Aires
Edee,27,Simferopol
Judy,27,Nanjing
Adelle,30,Port of Spain
Ruthe,29,Yaoundé
Stevana,30,Juneau
Alex,28,Minsk
Lacie,27,Yellowknife
Ira,26,Adak
Jacenta,28,Veracruz
Gloria,29,Tagbilaran
Beverley,27,Kano
Brynna,28,Cartagena
Stephanie,26,Stockholm
Shandie,25,Valletta
Mathilda,25,New Orleans
Glynnis,28,Valencia
Janeczka,29,Nakhon Ratchasima
Mireielle,25,Denver
Fred,30,Douglas
Xylina,30,Memphis
Janis,28,Maceió
Kamilah,28,Yogyakarta (city)
Keelia,28,Yogyakarta (city)
Corina,29,Sacramento
Hildegaard,27,Bamako
Tami,29,Maracaibo
Phylis,26,Kuala Lumpur
Tiffie,30,Dededo
Lilith,26,Mumbai
Goldie,30,Makassar
Caressa,29,Johannesburg
Talya,26,Porto
Jere,26,Lviv
Cassondra,25,Ljubljana
Moyna,26,Gaza
Fanny,29,Alofi
Fina,26,Mersin
Dorene,27,Adamstown
Lynea,30,Osaka
Gloria,30,Sri Jayawardenapura-Kotte
Patricia,30,Antwerp
Aryn,25,Cincinnati
Theodora,25,Palma
Verla,28,Srinagar
Nanete,29,Buffalo
Nataline,29,Bridgetown
Janis,28,Hyderabad
Ira,30,Calgary
Collen,26,Chengdu
Chandra,29,Juneau
Mallory,28,Guadalajara
Marline,28,Osaka
Selia,29,Naples
Violet,29,Surabaya
Genovera,26,Medina
Atlanta,29,Basra
Rayna,28,Salt Lake City
Catrina,30,Agartala
Merry,27,Padang
Frances,25,Amsterdam
Georgetta,28,Naypyidaw
Margalo,25,Punta Arenas
Jessy,25,Hangzhou
Meg,25,Chaguanas
Briney,30,Gold Coast
Korrie,28,Saint-Denis
Donetta,28,Luxor
Elie,29,Brazzaville
Belva,26,Alor Star
Raf,28,Kaliningrad
Candi,30,Willemstad
Veda,25,Port Moresby
Elmira,29,Mersin
Charmaine,28,Abuja
Marika,25,Nairobi
Merrie,25,Minneapolis
Ardys,25,Hamburg
Catharine,29,Malabo
Emylee,29,Maracaibo
Abbie,28,Boa Vista
Harmonia,30,Petropavlovsk-Kamchatsky
Norine,25,Nagoya
Karena,27,Sarajevo
Bibby,29,Kota Bharu
Sean,29,Lomé
Annora,29,Almaty
Fernande,29,Dar es Salaam
Shel,27,Dongguan
Desirae,25,Udon Thani
Rosaline,30,Batticaloa
Frances,27,Santa Cruz de la Sierra
Benita,29,Sukhumi
Kara-Lynn,25,Pelotas
Fayre,26,Cockburn Town
Jackie,30,Serekunda
Jasmina,25,Panama City
Abbie,25,Bahía Blanca
Sarette,29,Las Palmas de Gran Canaria
Evaleen,26,Lomé
Carmencita,26,Valparaíso
Steffane,26,Ahmedabad
Mahalia,30,Jayapura
Thalia,30,Tallinn
Almeta,28,Iloilo City
Jolyn,26,Paramaribo
Odessa,28,Bangkok
Hannis,27,Karachi
Annabela,28,Amritsar
Jemie,26,Nagoya
Oralee,25,Athens
Priscilla,29,Malabo
Nessie,26,Ouagadougou
Lexine,29,Chennai
Kristan,27,Tampa
Beth,26,Ürümqi
Jaclyn,26,Punta Arenas
Corina,28,Addis Ababa
Collen,25,Sydney
Linet,25,Canberra
Lila,27,Dallas
Constance,29,Douala
Janis,25,Newcastle
Robbi,28,Santa Cruz de la Sierra
Pearline,28,Thiès
Nita,28,Odessa
Glenda,25,Guangzhou
Diena,27,Mexicali
Rivalee,28,Ürümqi
Tina,30,Dongguan
Marleah,30,Bishkek
Leanna,25,Qingdao
Miquela,30,Iquique
Gerianna,27,Seville
Karly,25,Fortaleza
Kathi,29,Asunción
Jolyn,30,Kabul
Rosanne,27,Graz
Almeta,28,Malabo
Jean,28,Roseau
Lisette,25,Pekanbaru
Danny,30,Kabul
Amalie,30,Chengdu
Lila,27,Semarang
Kristina,30,Sucre
Maridel,25,Hilo
Modestia,28,Kinshasa
Margarette,30,Ndola
Danika,27,Belize City
Corly,26,Wellington
Emilia,26,Surabaya
Rochette,27,Palembang
Frieda,25,Bamako
Clary,27,Karachi
Adele,30,Frankfurt
Elbertina,27,Santiago
Ada,25,Chuí
Kittie,25,San Fernando
Glenda,30,Hamilton
Dorothy,29,Marrakech
Marline,25,Vienna
Judy,27,Mexicali
Ginnie,27,Islamabad
Giustina,26,Barcelona
Talya,27,Dongguan
Almeta,28,Santa Cruz de Tenerife
Ninnetta,26,Osaka
Lynde,28,Santiago de Cuba
Hallie,29,Tamale
Randa,30,Sapporo
Melodie,29,Gold Coast
Carmencita,26,Siem Reap
Chastity,30,Astana
Merle,26,Detroit
Karolina,26,Gaborone
Di,28,Frankfurt
Heddie,30,Columbus
Steffane,26,Ürümqi
Brena,26,San Fernando
Philis,25,Hilo
Lory,26,Bratislava
Hollie,26,Agartala
Ginnie,29,Avarua
Miquela,29,Málaga
Merle,27,Amsterdam
Winifred,25,Dushanbe
Carree,26,Shijiazhuang
Candi,27,Valparaíso
Farrah,26,Fairbanks
Leontine,29,Nanning
Felice,30,The Hague
Karly,26,Hangzhou
Maridel,29,Salzburg
Lucy,26,Dunedin
Dulcinea,25,Dalian
Renae,29,Kawasaki
Althea,28,Dunedin
Sallie,27,Bangalore
Gusty,29,Strasbourg
Elena,26,Vitória
Britte,26,Douala
Marcelline,29,Asunción
Danny,26,New Delhi
Adelle,27,Dhaka
Jessy,26,Luanda
Averyl,30,Aarhus
Alyda,25,Okinawa
Margarette,26,Bern
Isa,29,Stockholm
Andeee,30,Dallas
Eolanda,26,Chuí
Amara,26,Bratsk
Collen,28,Belgrade
Annecorinne,25,Belmopan
Doro,30,Nashville
Shannah,25,Honiara
Candy,30,Francistown
Molli,28,Brisbane
Lynea,25,Townsville
Angela,30,The Valley
Benita,29,Balikpapan
Ginnie,28,Ashgabat
Deane,25,Suez
Steffane,28,Sitka
Hannis,27,Aarhus
Elie,30,Qingdao
Louella,26,Koulikoro
Jenda,26,Beirut
Carly,26,Damascus
Cassondra,25,Cartagena
Wynne,26,Thimphu
Layla,28,Berlin
Marylou,30,Lahore
Rozele,27,Kathmandu
Tybie,28,Las Palmas de Gran Canaria
Meg,27,Algiers
Phedra,28,Arbil
Gale,26,Kandahar
Lulita,27,Kaesong
Elora,26,Tartu
Lily,30,Hai Phong
Consuela,26,Winnipeg
Wanda,26,Hobart
Katuscha,25,Quetzaltenango
Tatiania,27,Tokyo
Teddie,29,Port-au-Prince
Eve,25,Guadalajara
Bobbi,25,Albuquerque
Shannah,27,Montevideo
Nessie,25,Detroit
Robbi,26,Road Town
Gaylene,30,Medina
Deirdre,29,Hobart
Melodie,30,Yokohama
Caressa,29,Labasa
Vinita,30,Mashhad
Henriette,30,Patna
Kenna,25,Simferopol
Carree,26,Saint-Denis
Romona,29,Darwin
Merrie,30,Basse-Terre
Jackie,27,Juneau
Ekaterina,27,City of San Marino
Paola,30,Assis
Lanna,25,Kingston
Frank,26,Yogyakarta (city)
Tomasina,29,Conakry
Vivia,29,Pittsburgh
Cherilyn,30,Kathmandu
Randa,25,Jaipur
Noelle,26,Accra
Johna,27,Pune
Rori,27,Xi'an
Jean,29,Dammam
Cristine,30,Jaipur
Orelia,30,Dhaka
Hettie,30,Casablanca
Addia,30,Bahía Blanca
Jeanna,25,Xi'an
Margalo,27,Shijiazhuang
Candi,29,Port Elizabeth
Dode,29,Hobart
Winifred,26,Belém
Shel,29,Dunedin
Angela,26,Gothenburg
Bill,26,Suva
Fred,29,El Aaiún
Mara,25,Melekeok
Emmey,30,Tel Aviv
Dari,30,Conakry
Annecorinne,26,Medan
Olwen,28,Peshawar
Marcy,29,Chaguanas
Cacilie,28,Ambon
Tomasina,27,Geelong
Jolyn,27,Leeds
Ayn,30,Kuala Lumpur
Edith,28,Lima
Belva,27,Santa Cruz de la Sierra
Randa,26,Wuhan
Alisha,25,Bucharest
Desirae,25,Cotonou
Kathi,27,Austin
Joceline,28,Antwerp
Cassondra,26,Hanoi
Dotty,30,Dalian
Allis,29,Kathmandu
Lonnie,29,Asunción
Devina,25,Brikama
Arlina,29,Austin
Mary,28,Harbin
Audrie,25,Gangtok
Lucy,28,Santiago
Corly,25,Naples
Millie,26,Raleigh
Kenna,28,Houston
Ofilia,30,Kobe
Brana,27,Rockhampton
Marsiella,29,Newcastle
Steffane,30,Zhengzhou
Aurelie,26,Gibraltar
Nessie,25,Paris
Kassey,29,Pittsburgh
Aryn,25,Dubai
Isa,25,Mandurah
Reeba,28,Rabat
Florencia,25,Ushuaia
Hyacinthe,28,Accra
Lanae,26,Siem Reap
Aeriela,28,Kandahar
Gaylene,27,Seville
Dorice,29,Beijing
Lorie,25,Córdoba
Caryl,28,Kota Kinabalu
Roxane,27,St. John's
Donetta,27,Seattle
Rubie,28,Hobart
Glenda,26,Hamburg
Alejandra,25,The Hague
Benita,25,Rochester
Kimberley,25,São Paulo
Hildegaard,27,Marrakech
Sarette,26,Salzburg
Alyda,29,Oslo
Kirbee,26,Andorra la Vella
Raquela,29,Ljubljana
Marnia,25,Lagos
Jenilee,26,Bratsk
Gusty,26,Incheon
Althea,26,Stockholm
Jany,26,Timbuktu
Elie,30,Virginia Beach
Corene,29,Kinshasa
Elie,30,Davao City
Shaylyn,27,Phuket (city)
Maud,28,Damascus
Sharlene,26,Luxor
Laurene,26,Kabul
Rayna,26,Changchun
Merci,30,Chongqing
Olivette,27,Zapopan
Tani,28,Nagoya
Atlanta,30,Athens
Chastity,26,Nagoya
Codie,28,Chengdu
Lusa,26,Lobamba
Heida,30,Yamoussoukro
Amelia,27,Dunedin
Gisela,30,Accra
Courtnay,30,Kota Kinabalu
Lelah,25,Pretoria
Fernande,29,Innsbruck
Winny,27,Dushanbe
Halette,28,Chongqing
Tressa,29,Madrid
Caritta,25,Ludhiana
Penelopa,28,Minneapolis
Correy,27,Seattle
Carol-Jean,25,Dunedin
Merle,27,Hyderabad
Zsa Zsa,26,Brasília
Leeanne,27,Tehran
Lulita,29,Santiago
Lorne,26,Kathmandu
Chrystel,25,Porto Velho
Stacey,29,Wollongong
Mady,30,St. George's
Hope,29,Batticaloa
Pamella,28,San Fernando
Merrie,27,Bergen
Grier,25,Caracas
Hettie,29,Nagoya
Natka,27,Sana'a
Ninnetta,26,Chaguanas
Jsandye,27,Hobart
Giustina,30,Valencia
Lenna,28,Dushanbe
Elsie,30,Novosibirsk
Nannie,25,Alofi
Wileen,28,Córdoba
Agnese,26,Jerusalem
Karly,25,Washington
Meg,27,Valparaíso
Valli,29,Luxor
Rosanne,29,Ljubljana
Giustina,26,City of San Marino
Corina,26,Faisalabad
Emylee,30,Espoo
Jacquetta,25,Chennai
Kylynn,27,Antananarivo
Eve,27,Mamoudzou
Layla,26,Ambon
Tamqrah,28,Xining
Georgetta,29,Pekanbaru
Elbertina,25,Tamale
Zia,29,Antofagasta
Xylina,29,Kuala Lumpur
Elfreda,26,Weno
Alleen,30,Salt Lake City
Kary,27,Turin
Marcelline,25,Shijiazhuang
Lesly,28,Horta (Azores)
Caressa,27,Saint Petersburg
Phylis,26,Riverside
Bertine,30,Seoul
Pollyanna,25,Dalian
Chastity,25,Qingdao
Luci,25,Malacca Town
Sidoney,28,Port Said
Lily,28,Port of Spain
Candy,28,Medellín
Linet,30,Hai Phong
Lelah,29,Hobart
Gwenneth,29,Hagåtña
Oralee,25,Hanga Roa
Edee,28,Macapá
Shell,25,Anchorage
Molli,29,Townsville
Allyce,29,Indianapolis
Cathyleen,26,Belém
Cindelyn,27,Lviv
Maisey,28,Skopje
Magdalena,28,Tallinn
Harmonia,25,Odessa
Chickie,27,Hanoi
Lusa,25,Libreville
Hildegaard,28,Mumbai
Marnia,29,Baku
Candi,27,Norilsk
Melanie,27,Dili
Tonia,25,Roseau
Bobbi,29,El Aaiún
Amelia,25,Vilnius
Sidoney,29,Guwahati
Clementine,28,Panama City
Jennica,25,Ludhiana
Rhoda,30,Yamoussoukro
Dorice,30,Turin
Petronia,25,Aarhus
Elyssa,28,Stuttgart
Philis,30,Zapopan
Adore,25,Minneapolis
Collen,29,Gaborone
Viki,28,Nuuk
Aeriela,26,Portland
Keelia,29,Rawalpindi
Dacia,26,Cairo
Steffane,27,Gothenburg
Sharai,29,Edmonton
Alyssa,30,Kano
Charissa,26,Birkirkara
Kirbee,26,Yokohama
Trixi,29,Stepanakert
Brynna,29,Harbin
Melanie,28,Warsaw
Alia,26,Ulan Bator
Alisha,25,Tegucigalpa
Wileen,25,Palma
Edyth,28,São José dos Campos
Frank,29,Labasa
Tracey,29,Bilbao
Gretal,27,Rawalpindi
Atlanta,29,Port Vila
Corry,26,Funafuti
Beatriz,27,Wuhan
Kamilah,26,Odessa
Amelia,25,Hai Phong
Shauna,30,Antwerp
Pierette,26,Melbourne
Flory,25,San Diego
Marika,27,Munich
Alisha,26,Port Moresby
Rhea,26,Providence
Ada,26,Manaus
Inga,28,City of San Marino
Raquela,26,Tirana
Alia,28,Bratsk
Gui,26,Port of Spain
Nikki,26,Bratsk
Dulce,29,Omdurman
Shel,30,George Town
Margette,30,El Paso
Benita,25,Anchorage
Alleen,30,Sarajevo
Adore,30,Tskhinvali
Felice,25,Tiraspol
Justinn,27,Freetown
Luci,25,Kandy
Chickie,26,Porto
Madalyn,28,Rochester
Orelia,29,Birmingham
Josephine,25,Makati City
Cindelyn,30,Campinas
Mellicent,28,Davao City
Margette,27,San Francisco
Nyssa,27,Udon Thani
Anica,26,Virginia Beach
Britte,29,Malmö
Ivett,30,Aberdeen
Lelah,25,Auckland
Gertrud,25,Wuhan
Ida,27,Islamabad
Chickie,25,Kathmandu
Tomasina,30,Gaza
Vonny,30,Ambon
Chere,25,Paris
Ingrid,30,Las Vegas
Danika,29,Kuwait City
Olwen,29,Tegucigalpa
Karly,28,Mashhad
Averyl,28,Adana
Audrie,26,Yogyakarta (city)
Imojean,28,Asmara
Suzette,29,Punta Arenas
Devina,25,Dongguan
Concettina,30,Denpasar
Dode,27,Chaguanas
Ebonee,25,Munich
Shaylyn,28,Cork (city)
Suzette,30,Saint-Denis
Tiffie,29,Maseru
Althea,27,Canberra
Alex,26,Kolkata
Rozele,30,Ljubljana
Stacey,25,Chişinău
Karly,28,Greenwich
Ninnetta,27,Kuwait City
Dorthy,29,Valparaíso
Kristina,28,Bratsk
Selia,25,Dalian
Rhea,29,St. John's
Mariele,30,Bergen
Corina,27,Ashgabat
Madalyn,29,San Antonio
Inga,30,Kolkata
Susan,27,Davao City
Beth,26,Lyon
Patricia,26,Gdańsk
Rosene,28,Hilo
Kristan,25,Lisbon
Starla,29,Aberdeen
Jaime,25,Bujumbura
Robinia,27,Cleveland
Ivett,25,Makati City
Gaylene,30,Bogor
Amara,30,Huế
Jemie,25,Faisalabad
Amii,28,Beijing
Michaelina,29,Cusco
Tarra,27,Surabaya
Letizia,25,La Paz
Laurene,28,Luanda
Kaia,27,Harbin
Kirbee,26,El Paso
Pamella,26,Surat
Laurene,26,Roseau
Teddie,25,Lagos
Tobe,25,Stepanakert
Stephanie,28,Moroni
Lita,28,Chongjin
Etta,27,Novosibirsk
Joy,27,Nice
Mamie,30,Ankara
Marinna,26,Málaga
Max,27,Shijiazhuang
Bernie,25,Riga
Catharine,25,Ljubljana
Mallory,29,Tianjin
Meg,27,Tirana
Janis,26,Tórshavn
Vere,26,Manila
Kylynn,28,Kunming
Philis,28,Maputo
Charlena,25,Adak
Rhoda,29,Bangalore
Keelia,25,Riyadh
Ayn,30,Kota Kinabalu
Jolyn,25,Adana
Gratia,29,Serekunda
Anallese,27,Basse-Terre
Drucie,28,Chittagong
Farrah,25,Baltimore
Tera,27,Chaguanas
Dorice,28,Anadyr (town)
Deane,30,Invercargill
Leeanne,27,Tagbilaran
Isa,30,Sydney
Paule,29,Belize City
Fernande,28,Bandung
Tybie,29,Gaza
Mellicent,30,Athens
Tarra,25,Koror
Merrie,28,Liverpool
Veda,27,Mumbai
Emmey,27,Paris
Odessa,30,Kaohsiung
Gisela,29,Port Vila
Dede,29,Hobart
Shaine,25,Santiago de Cuba
Gilligan,29,Apia
Marylou,30,Guatemala City
Marsiella,27,Manaus
Merry,29,Saint-Pierre
Gusella,29,Malé
Belinda,29,São Tomé
Mignon,26,Kinshasa
Ketti,25,Port Said
Rhea,27,Kiev
Bobbi,28,Maseru
Daune,30,Tskhinvali
Shaylyn,26,Bratislava
Candi,29,Valparaíso
Clementine,30,Port Louis
Kaia,30,Yangon
Mariele,25,Damascus
Meriel,29,South Tarawa
Gratia,30,Valencia
Melina,25,Xining
Shaylyn,27,Copenhagen
Madelle,29,Ljubljana
Carmela,28,Antananarivo
Florencia,26,Makati City
Benita,26,Mecca
Jany,30,Malabo
Roz,28,Serekunda
Janey,28,Bishkek
Wendi,28,Dhaka
Teddie,27,Antofagasta
Aigneis,30,Barcelona
Cathyleen,25,Frankfurt
Bernardine,25,Concepción
Chandra,30,Cairns
Rosanne,25,Adelaide
Kial,27,Jaipur
Gabi,27,Amritsar
Jany,27,Ouagadougou
Maridel,27,Newcastle
Collen,26,Baku
Ellette,27,Zanzibar City
Aili,25,Washington
Tilly,26,Nairobi
Rani,25,Magadan
Angelique,27,Naples
Mariele,27,Saskatoon
Dennie,29,Suva
Goldie,27,Sukhumi
Britni,29,Gaza
Tilly,29,Los Angeles
Gabi,30,Mamoudzou
Frances,28,Bishkek
Jolyn,25,Lanzhou
Juliane,27,Djibouti (city)